id;time;R;Y
1;1;-779.8628462;-168.0637994
2;1;222.9480262;38.29846746
3;1;571.5253982;287.4937567
4;1;274.692486;-148.3746149
5;1;-325.20246;359.7043956
6;1;1770.120797;153.452349
7;1;-312.7832944;-70.51253241
8;1;2361.367043;462.8709116
9;1;-277.9156463;111.2188147
10;1;1493.921504;358.5450481
11;1;-1383.900701;155.9960978
12;1;-506.0833656;198.1529077
13;1;-354.459447;-43.58430889
14;1;575.6330271;-100.6265843
15;1;-511.6180622;-229.6783703
16;1;-1765.287811;84.45150126
17;1;1514.693082;169.7000925
18;1;-534.1705931;-27.46651409
19;1;-395.489572;-134.1862797
20;1;1370.149483;46.35534279
21;1;-655.3611775;51.92177771
22;1;-484.1725284;12.68470868
23;1;-1566.234311;344.227993
24;1;345.7733001;181.8867592
25;1;-846.5505229;45.28539182
26;1;667.8610075;-118.9028619
27;1;1121.288363;-8.815379616
28;1;-819.3099637;189.5951807
29;1;403.5765802;24.83583759
30;1;-1546.769783;302.945967
31;1;-968.1005606;-172.2368648
32;1;-1021.166621;182.9148815
33;1;-1760.226789;149.5127731
34;1;-167.5801746;317.0874747
35;1;30.54858649;161.3566511
36;1;-588.1740132;-58.92389221
37;1;739.969345;-130.9031467
38;1;-920.5199126;60.20801799
39;1;-1372.224977;25.42765091
40;1;310.9199802;14.62853176
41;1;-989.8270217;112.9900334
42;1;-656.2933283;251.6868502
43;1;601.8911736;9.008452441
44;1;171.6813046;733.8187893
45;1;-967.5969142;116.0031796
46;1;584.8856676;-51.72907837
47;1;-106.1662822;42.20319151
48;1;115.8865165;252.4521706
49;1;633.5280482;140.0232414
50;1;-106.0828489;-213.8127546
51;1;-1836.432174;-68.28248305
52;1;126.0794452;91.17166591
53;1;-594.2305233;244.9929804
54;1;5.763329392;97.52669176
55;1;503.9797324;241.1998998
56;1;-921.0105226;91.00403458
57;1;1490.746318;205.2960897
58;1;188.9414189;403.1635288
59;1;1126.012209;-53.4428157
60;1;962.8078805;-38.83082691
61;1;689.4900542;183.367429
62;1;-1164.492264;170.2606382
63;1;-307.9249279;-291.6381628
64;1;559.1090242;265.9458427
65;1;-1099.571869;-120.5102622
66;1;-760.0681627;-138.5376606
67;1;502.8905418;368.2730864
68;1;753.5755193;274.3656502
69;1;350.4800079;-18.19691548
70;1;-1048.292234;304.4799021
71;1;-1203.840016;28.52035097
72;1;93.18381835;295.4895636
73;1;-107.6909327;392.934977
74;1;-341.1287652;268.387399
75;1;-1266.539732;332.1614681
76;1;543.8305081;3.210737766
77;1;-442.829961;17.84138578
78;1;-406.9088571;247.3597598
79;1;980.2462362;2.916483912
80;1;826.6888813;-111.4898954
81;1;-698.5591114;-33.6686042
82;1;594.8175772;286.2531088
83;1;-1211.330315;239.9767967
84;1;-1028.906974;249.6270972
85;1;-1225.446947;5.475033146
86;1;-1422.499023;158.2789483
87;1;-117.4415683;-11.62481924
88;1;598.6286503;66.91082057
89;1;1351.231493;5.048500083
90;1;1134.68273;160.0205928
91;1;-1135.981879;136.9678121
92;1;-869.7181076;327.2809482
93;1;-87.92676326;142.9212088
94;1;-647.5105756;20.23334137
95;1;-342.6914564;-172.9212266
96;1;9.28941149;65.02783001
97;1;-72.05181019;-12.40468485
98;1;-236.3529668;267.294444
99;1;-84.95533869;192.0231615
100;1;-707.2113195;-7.808465908
101;1;-724.653142;93.14249156
102;1;-1522.075395;142.2059555
103;1;-608.9708788;89.30869523
104;1;-732.4388483;114.1017256
105;1;-1368.693438;394.6248127
106;1;-50.89738098;283.7283104
107;1;-1440.639284;-65.63277992
108;1;-1428.467887;229.6737796
109;1;-65.58627501;-19.20188229
110;1;-1131.225931;179.071913
111;1;-210.3765781;281.498624
112;1;-653.2511542;165.8348054
113;1;-823.4956133;143.7545796
114;1;-1661.381863;248.5111757
115;1;-1285.924911;444.8970372
116;1;-1.028981663;310.0458908
117;1;485.3046652;131.5524424
118;1;-714.1392657;29.72249852
119;1;-208.2628;385.8675191
120;1;1243.149918;73.51688585
121;1;-1202.017656;134.1237914
122;1;-337.2799788;200.8589081
123;1;1351.967425;-18.46831382
124;1;-692.518479;1.752696031
125;1;-266.6511775;78.43562688
126;1;-303.4873776;77.09228163
127;1;-1049.758147;-274.6147067
128;1;-668.8852104;8.384320774
129;1;-241.1887294;189.5125326
130;1;-639.4662914;143.2008269
131;1;1229.96586;218.0433035
132;1;-703.0653451;-201.5685016
133;1;-657.9360274;150.2555362
134;1;657.1286951;36.14603507
135;1;-1173.811881;64.35049257
136;1;-253.659032;267.4321962
137;1;-1470.082986;291.3765668
138;1;-500.8632096;12.2505543
139;1;-690.7491471;38.17613146
140;1;-217.026246;52.51071917
141;1;-980.9001057;284.275527
142;1;-751.5592075;182.0495174
143;1;-399.2962112;34.8858934
144;1;-1184.562804;128.8774307
145;1;-20.35137692;289.6941938
146;1;-589.8237465;-76.3426203
147;1;514.7726893;5.893897513
148;1;1665.94977;-32.88641989
149;1;-1128.360267;481.6074003
150;1;338.7955647;38.21867031
151;1;-111.777847;266.2009428
152;1;928.079444;51.85810061
153;1;-455.9179997;19.11519477
154;1;847.0255043;37.60319312
155;1;-1558.696564;29.03913852
156;1;1994.756606;312.2064053
157;1;-373.0861809;248.5184364
158;1;-1417.025196;125.8412472
159;1;585.0314394;-132.2296813
160;1;375.4601534;-33.69309322
161;1;-215.4528648;204.2379049
162;1;-34.21350927;-19.92998772
163;1;-797.271855;21.2393829
164;1;230.0573041;284.4184544
165;1;138.0633344;146.522045
166;1;-506.5604949;-5.816940763
167;1;-1353.696951;392.0945322
168;1;662.3570109;-88.55103936
169;1;467.7044628;256.8728776
170;1;-1009.660455;168.8045947
171;1;-1491.084565;-302.1918853
172;1;29.30371592;204.7592011
173;1;-572.4473533;236.8942012
174;1;86.73513568;-1.529406908
175;1;-1328.628918;189.3516771
176;1;-1103.76126;-135.7427342
177;1;1191.643333;-57.82478368
178;1;274.0686549;166.6879021
179;1;510.1237483;165.1185085
180;1;-60.7730324;43.81774726
181;1;-1653.765802;42.60095347
182;1;186.3699816;236.0903077
183;1;1310.259745;348.2053469
184;1;-1377.114321;13.01145662
185;1;-1238.170009;64.88673907
186;1;-902.9824768;82.08894814
187;1;-1172.190423;99.26998174
188;1;-851.5485009;102.1915448
189;1;-409.6635301;63.27958916
190;1;-1270.966146;35.76199058
191;1;-85.30145071;-54.1786815
192;1;-301.3101837;92.79372616
193;1;391.4976403;97.12228696
194;1;-166.1128488;100.9811366
195;1;-353.1388872;130.0513863
196;1;1724.65441;137.2278417
197;1;-442.7161572;143.1841538
198;1;-1322.342605;-67.93011823
199;1;251.2295473;141.9889565
200;1;-578.7867079;141.5065769
201;1;-740.8505172;56.76059645
202;1;-1182.025065;102.6781272
203;1;305.2536674;265.8962203
204;1;-397.706402;147.6938136
205;1;417.4687308;225.657058
206;1;-460.6529926;249.6679055
207;1;-862.5941191;329.4910267
208;1;-498.9504262;-52.60072746
209;1;1000.449903;50.24775202
210;1;-1271.197009;82.52242645
211;1;-689.1241412;257.9867802
212;1;-496.496622;180.7138609
213;1;-617.3570455;137.0352479
214;1;-233.7635944;198.5124812
215;1;76.57059957;65.94074703
216;1;-1091.260336;-145.1443292
217;1;-922.617915;-164.6769671
218;1;1069.893097;434.077917
219;1;1430.431568;166.0829063
220;1;1417.220801;204.9878373
221;1;-1379.256021;174.2126538
222;1;1095.982833;320.3713304
223;1;-238.1592088;197.7356809
224;1;666.2053729;92.45036835
225;1;-1112.778166;259.5950919
226;1;-1201.362652;157.2303697
227;1;-152.8762411;-35.41431118
228;1;-1269.217898;312.4158438
229;1;11.46433339;266.7935574
230;1;1484.143231;83.00282969
231;1;-1157.9463;0.952950049
232;1;-930.2980102;320.3113617
233;1;-155.7092106;69.82233817
234;1;-1146.335434;74.19175365
235;1;-609.8955271;111.2413175
236;1;1030.349862;136.6478502
237;1;248.9382364;307.0077902
238;1;-268.3329952;250.7713167
239;1;1162.483702;187.881637
240;1;814.9540114;-179.9081746
241;1;-415.3703477;-281.7028938
242;1;-1806.282089;224.9247953
243;1;-139.2676307;90.9981838
244;1;493.3594956;24.11114533
245;1;-156.5750459;-122.185273
246;1;-27.19295661;-71.72386749
247;1;309.3250719;-170.4516988
248;1;-622.7668657;501.7950222
249;1;1500.888056;232.9031334
250;1;358.987329;96.10827878
251;1;-1297.166768;-143.9436663
252;1;1597.894797;75.62006518
253;1;829.8384772;179.9014431
254;1;-1522.767727;186.273863
255;1;-784.0094394;161.9679226
256;1;575.0521491;387.9861317
257;1;-158.9442971;-156.5714901
258;1;204.0743623;-43.5202965
259;1;2725.861314;485.1444621
260;1;-995.4149748;176.2759429
261;1;-1688.062961;159.7329219
262;1;112.398888;342.2375381
263;1;-887.5338601;-167.6031527
264;1;327.7856117;-22.21698279
265;1;-990.6212155;406.1485555
266;1;-344.1482525;277.8578879
267;1;-699.6461782;-208.6734215
268;1;-389.5130282;189.5209418
269;1;882.6430845;136.197411
270;1;-97.40151076;-118.4405667
271;1;-1505.762066;256.9894275
272;1;-213.510988;249.1661631
273;1;742.7920671;-28.09148329
274;1;-164.3232174;163.5670525
275;1;708.6739373;-101.4659823
276;1;-368.5047637;167.4978302
277;1;-272.6133504;-63.71188573
278;1;374.3977666;103.2164234
279;1;-1299.486734;-40.31370637
280;1;-245.6739864;217.9616613
281;1;-286.9557197;70.60533185
282;1;-947.2277181;153.0524236
283;1;-1158.291023;193.6589427
284;1;-838.4694581;46.03978227
285;1;510.5457663;67.979975
286;1;-641.8227062;121.1983499
287;1;-968.4487625;239.3991364
288;1;-20.10384757;133.0296513
289;1;-1293.445587;126.7544886
290;1;1136.241541;173.2978498
291;1;-706.428137;176.704534
292;1;10.40386291;332.2442513
293;1;-150.6462093;-194.8407115
294;1;-208.6031996;180.4795367
295;1;-1000.951616;85.09131791
296;1;1274.456551;-4.7125475
297;1;-172.7397749;-48.04413371
298;1;-1008.78947;159.1904192
299;1;-284.5486192;61.59118645
300;1;724.5172106;47.59355538
301;1;-650.6325684;196.504265
302;1;-958.0179402;244.406373
303;1;-32.67273358;401.9347064
304;1;1056.756811;209.8309568
305;1;-289.6864269;445.8729293
306;1;-1382.867188;307.7228084
307;1;-1336.22867;129.6681644
308;1;-955.0023995;168.1736879
309;1;-745.7208056;412.1897967
310;1;-232.2747531;-29.13493055
311;1;-659.3157837;106.4670574
312;1;-1213.424484;103.4175299
313;1;537.3548167;-339.9017315
314;1;114.5502784;107.2142673
315;1;-1531.664783;217.9286997
316;1;-108.9850131;-347.0123445
317;1;1559.818059;57.30203431
318;1;693.9405579;34.15924094
319;1;-1006.688309;203.3325244
320;1;705.2329783;174.0784372
321;1;-1037.577769;336.1454245
322;1;-677.1356224;-212.7238411
323;1;-517.5734266;116.1581508
324;1;835.9626746;-64.40267818
325;1;-518.665907;71.72808176
326;1;-1482.283073;149.0784396
327;1;-1019.523464;-88.76567384
328;1;-1196.125645;-116.4247376
329;1;-706.1437887;433.9772285
330;1;-563.7612098;-67.16580653
331;1;-375.8314626;132.3035448
332;1;-469.7979203;-54.72578984
333;1;-1382.287209;366.740003
334;1;-640.3841104;-199.8427738
335;1;205.4068827;32.37341298
336;1;-107.5966757;-63.54808934
337;1;1403.864862;78.08659824
338;1;-1514.531676;95.50560053
339;1;1684.460163;436.5305704
340;1;-890.0549438;-7.973056665
341;1;-503.6916185;286.8610073
342;1;-1210.400767;197.2115421
343;1;-54.86595708;172.4458301
344;1;-1188.061315;162.5154349
345;1;379.0019663;34.23273035
346;1;1607.236587;-38.04917923
347;1;-420.4398315;76.41820055
348;1;-443.9040758;95.77381935
349;1;-532.3035724;-236.7285049
350;1;525.0937561;-143.9074629
351;1;169.5321988;7.571731023
352;1;-529.3828449;-108.4230745
353;1;395.0260278;62.06232295
354;1;-766.1602281;171.1726467
355;1;-506.5575819;210.6181317
356;1;1206.550455;326.0759173
357;1;322.6423056;131.774129
358;1;72.68680327;189.458078
359;1;-482.4730335;67.30160506
360;1;977.0478673;132.5974542
361;1;-1035.514703;0.550534201
362;1;-145.5321496;432.9905719
363;1;-152.8574555;-61.7032141
364;1;-792.1276554;317.6596647
365;1;-1132.747819;254.7326805
366;1;-211.0603244;354.6601895
367;1;601.7095353;277.1303985
368;1;1724.726569;-26.9492738
369;1;-1622.449663;97.79018627
370;1;-900.1258219;-137.0598501
371;1;-538.972383;239.4248368
372;1;-940.3149804;103.427115
373;1;-962.3183;113.0100823
374;1;-917.0613311;77.33929851
375;1;-1708.799139;48.1392135
376;1;39.4410505;93.65651365
377;1;-839.5104359;296.2114552
378;1;1781.785347;308.5030904
379;1;791.4073641;111.9557341
380;1;-1419.455811;159.486336
381;1;-96.17998842;127.6270477
382;1;-805.8811787;46.14183305
383;1;918.039;76.23919945
384;1;-148.2912628;161.5555625
385;1;-772.9381297;214.1401434
386;1;318.0292553;186.3302848
387;1;-32.85646242;158.1816991
388;1;-387.7735897;27.0566245
389;1;-747.8056896;93.42025444
390;1;-693.5107753;242.9821211
391;1;-1467.291707;158.5242173
392;1;-253.4690812;106.8241673
393;1;920.8986033;50.79713235
394;1;-476.7967623;190.5105069
395;1;-1258.346925;162.5366635
396;1;1678.596599;520.7718996
397;1;187.2708398;80.78942419
398;1;1661.844717;83.31524794
399;1;-1033.994636;-65.8329586
400;1;1004.186274;253.929557
401;1;-798.0776495;30.69544732
402;1;170.4840095;54.09766226
403;1;-526.8955486;265.1486245
404;1;-505.8342176;335.2007891
405;1;457.1328409;19.54153266
406;1;-1334.522578;45.14517948
407;1;-477.6673799;138.1790424
408;1;-11.1218769;326.2462039
409;1;-629.4513242;150.1071912
410;1;-88.91831479;93.1605908
411;1;-546.4208881;309.4473935
412;1;680.4633402;248.5696232
413;1;-976.7012937;288.8595956
414;1;2438.518242;-144.304896
415;1;145.8387671;-89.43656144
416;1;-1192.376957;-54.59727421
417;1;-1138.229921;190.6798634
418;1;-247.809857;-119.9761784
419;1;729.4368072;66.1448397
420;1;-1695.169323;209.242288
421;1;-898.3620525;445.4945283
422;1;-218.4737163;54.24948003
423;1;-1421.921577;37.70151108
424;1;653.9917007;99.96176913
425;1;-43.81724101;-0.975356744
426;1;-617.6060116;-382.5612156
427;1;-712.5463083;278.9048818
428;1;-511.0053574;38.24727174
429;1;162.8669368;-3.692834818
430;1;264.6610216;125.2215827
431;1;-451.6019205;-43.41221543
432;1;-1628.056707;238.8589285
433;1;-1411.741412;52.09084085
434;1;-1428.055758;202.8084172
435;1;744.9939336;15.6700762
436;1;-470.1758887;-30.71635765
437;1;107.4953066;212.3172948
438;1;-1473.738256;509.5496602
439;1;-753.4721585;-20.62052088
440;1;478.5222224;24.01046381
441;1;-402.2467264;-86.56598389
442;1;-334.9280597;316.2125786
443;1;-288.1585908;83.79568536
444;1;1364.95645;-291.2799671
445;1;-824.5749688;-231.5491558
446;1;629.2885776;152.5423925
447;1;932.2631662;154.685141
448;1;-1263.309584;-247.48916
449;1;-69.60537047;-94.86651029
450;1;-220.893468;207.6039357
451;1;1113.010623;127.6039059
452;1;954.5849354;-207.4901067
453;1;-211.086615;224.3636754
454;1;-52.3586481;-50.22198304
455;1;-915.0372926;269.1905654
456;1;-423.0206374;150.064114
457;1;-1154.629966;182.0975726
458;1;-1109.515564;-128.821152
459;1;-1283.438925;237.3118845
460;1;846.4615623;292.3021985
461;1;1232.16606;184.0513481
462;1;-638.5783619;-64.24339129
463;1;-1223.59671;176.2027621
464;1;-305.4724961;-201.7842663
465;1;2384.048147;38.10060744
466;1;-1547.970644;35.62144112
467;1;-584.0961116;157.5907666
468;1;-250.9434027;456.2348344
469;1;1880.42466;109.6406097
470;1;-561.0573535;11.609652
471;1;534.5497124;179.1868311
472;1;52.44660178;231.5018303
473;1;962.4266154;114.9305422
474;1;-1274.366988;-16.66884627
475;1;-814.8497789;205.0454868
476;1;231.8475026;222.0360116
477;1;-1619.520475;149.7331945
478;1;-1218.787833;388.3039366
479;1;-575.2531646;456.5260772
480;1;1403.522914;-36.10467425
481;1;-501.4238535;156.1418256
482;1;-21.32757793;-139.7367969
483;1;-279.9925097;77.40898726
484;1;-902.4892735;48.92043804
485;1;1571.764502;49.06971072
486;1;-1201.606861;429.160746
487;1;-454.5285046;-55.12990758
488;1;-575.1529645;236.1382271
489;1;438.8797871;209.0504977
490;1;415.0631134;82.4781599
491;1;1598.96831;197.7483907
492;1;746.6696291;32.16717062
493;1;-833.0873696;-8.219849432
494;1;-115.6436405;-56.40663075
495;1;1590.493501;-234.6635426
496;1;-1474.891356;142.3254003
497;1;175.2034482;32.40971892
498;1;-379.4771134;41.8901708
499;1;903.5812543;219.6138685
500;1;729.1195879;17.08872923
501;1;145.9290277;35.43416202
502;1;-1457.008491;24.32567361
503;1;948.983221;307.1827667
504;1;-1483.823336;156.4741819
505;1;511.7433907;90.59592372
506;1;-106.3029639;218.6820007
507;1;1027.186495;213.086865
508;1;-118.7885834;-128.3885998
509;1;-1478.542766;152.0398067
510;1;-1655.997009;49.5274639
511;1;450.4163777;-204.7568966
512;1;-289.5970498;24.55935583
513;1;-785.547821;142.6811345
514;1;-538.6101856;37.25734238
515;1;-873.7044962;205.7832106
516;1;-380.061004;181.3713097
517;1;-1082.961661;131.5328088
518;1;-1647.887915;93.11360459
519;1;-445.3823285;-43.42266113
520;1;1135.411392;110.8468492
521;1;-205.4094896;367.7160554
522;1;-297.5623284;58.95365415
523;1;1021.258845;57.98741775
524;1;-147.7198643;76.66815832
525;1;-659.5837959;92.48559561
526;1;-1555.427926;127.9896488
527;1;-1310.185401;349.6191282
528;1;277.2727671;94.69837375
529;1;-1422.734041;247.5555902
530;1;-1359.637011;30.3794499
531;1;-418.2559378;197.5759751
532;1;-210.9518312;31.83973723
533;1;-222.6894097;236.6684218
534;1;-33.63478602;268.0025273
535;1;525.9899528;277.156859
536;1;-346.8395176;145.030639
537;1;-475.2282004;35.2002957
538;1;-23.75280154;45.16552557
539;1;-658.3867428;79.78899958
540;1;-1703.873948;-120.4224689
541;1;1110.045444;295.9197946
542;1;-475.1741915;-144.4273118
543;1;297.5693499;-1.502422205
544;1;845.5848544;251.0218706
545;1;-864.3353899;156.6851155
546;1;-1504.527877;225.687406
547;1;884.4755987;12.67689449
548;1;-731.4733265;-137.3442603
549;1;-1625.375794;-3.900967925
550;1;-1606.596207;241.0914323
551;1;77.72474834;190.6052332
552;1;112.0092007;153.161886
553;1;1254.09927;36.34079062
554;1;849.836756;130.2206453
555;1;-859.235234;24.1960381
556;1;1008.767078;188.8146794
557;1;210.2330092;-141.9577255
558;1;31.26776074;337.9308512
559;1;1074.115988;-238.2560546
560;1;-834.8315526;322.4034627
561;1;263.2695304;52.30967952
562;1;-1053.210626;354.518385
563;1;568.8073357;-147.3947003
564;1;-657.4938694;-13.72604507
565;1;335.581182;68.56769184
566;1;229.0454457;-149.2977306
567;1;-497.5508182;69.45371602
568;1;352.7192493;165.3203854
569;1;494.154278;203.3586275
570;1;-456.8702364;-108.3169546
571;1;1311.529115;-1.178141501
572;1;1612.852938;136.2375927
573;1;-865.6019999;328.4900084
574;1;-962.3325318;205.2101918
575;1;414.7049804;-151.8285663
576;1;-1069.361931;29.35747667
577;1;-673.376848;-303.0093618
578;1;800.9308432;172.87005
579;1;-787.7548806;-85.82553026
580;1;-1629.172537;133.5639254
581;1;613.5759716;135.6262787
582;1;-1494.882899;127.8981112
583;1;-1364.366636;30.15071487
584;1;839.6501609;142.0532428
585;1;84.89745811;-41.27270992
586;1;348.5891017;493.9320956
587;1;-255.0666865;-257.0624981
588;1;-1207.789449;409.1895853
589;1;480.2584822;101.0240179
590;1;1491.868211;95.42602507
591;1;-1444.061171;134.0456814
592;1;-817.5986433;154.2875186
593;1;-519.6923397;373.4559485
594;1;-1326.023695;445.5363263
595;1;653.4219693;195.292213
596;1;-810.6862166;56.88716805
597;1;-147.7917938;78.35192366
598;1;699.2354174;-51.47633238
599;1;1834.179827;-44.64282816
600;1;102.5569005;69.83044861
601;1;36.17823758;342.7620248
602;1;-1449.960528;23.6175678
603;1;-183.1171006;237.1885683
604;1;685.7889888;255.2242164
605;1;383.5380391;180.5102545
606;1;-397.5694009;224.8465852
607;1;-1281.467247;-35.70935576
608;1;589.5492112;85.70276743
609;1;-1071.747708;-32.36310516
610;1;-1302.856831;40.38560316
611;1;521.2573733;-51.87430458
612;1;-1290.998772;37.30857083
613;1;76.73836949;189.2461728
614;1;-205.2231857;87.24079764
615;1;-1348.989323;-30.32011055
616;1;1321.840203;-54.02907106
617;1;-805.0221206;-188.1228018
618;1;1349.868547;157.4971324
619;1;-697.4915023;144.5074776
620;1;-789.1722443;-110.5045617
621;1;-243.16565;-166.6612178
622;1;-585.2269593;94.34643626
623;1;-583.7956268;7.6778548
624;1;-1042.026068;-153.1859
625;1;-1278.418299;262.1112829
626;1;545.53915;66.58477235
627;1;-985.6635974;3.018236655
628;1;-1376.884413;243.3522101
629;1;-728.0086611;112.2877786
630;1;-981.4263666;74.70797775
631;1;-1709.831934;19.61496281
632;1;-518.3726823;233.5336934
633;1;-15.66010407;-181.3455832
634;1;138.110035;379.4790411
635;1;260.1389333;23.62148203
636;1;-1134.27184;415.7329738
637;1;-553.2460794;58.72992887
638;1;-1139.690653;7.561324137
639;1;-842.573678;38.46327694
640;1;-1276.472846;318.8706315
641;1;-1215.172204;-210.3279692
642;1;567.5614738;-29.11202763
643;1;-499.7208688;57.27126735
644;1;-485.779032;97.36156694
645;1;-273.1683572;138.2616338
646;1;-754.8182234;-18.76377227
647;1;725.2152308;-123.2251178
648;1;-708.9100429;552.20932
649;1;-604.4298576;-187.5262349
650;1;-825.6804774;307.466227
651;1;-1249.533406;-96.48486478
652;1;179.9978639;-219.2312397
653;1;-583.2138281;160.4923018
654;1;97.49612641;468.5484434
655;1;185.8134826;240.3651625
656;1;1652.322199;-210.9160804
657;1;612.8882106;21.89130219
658;1;-1185.862342;-9.998832127
659;1;-895.4382387;-60.53007545
660;1;-936.6746347;259.6266503
661;1;-45.83330916;457.7841803
662;1;-212.7567604;-45.50240828
663;1;228.9683281;177.2968863
664;1;-861.5922038;-11.87348047
665;1;-603.1368207;245.0863612
666;1;717.1854968;87.4527235
667;1;-318.1487388;77.75175793
668;1;-858.9538526;189.708762
669;1;1032.59349;475.6350671
670;1;-193.1643542;275.3707111
671;1;-1249.517671;34.41022385
672;1;-1725.001935;362.2797912
673;1;595.8548484;-58.49088091
674;1;-750.9566584;152.0262451
675;1;-502.8067651;258.3713786
676;1;131.8935382;188.7752854
677;1;-689.4700101;0.91749363
678;1;-568.1084096;62.3513553
679;1;-6.714853316;-7.496344817
680;1;-1730.87756;261.6136119
681;1;132.9943889;118.2812428
682;1;297.5515306;-5.527733034
683;1;1480.088274;28.96683575
684;1;-18.56984849;217.9392691
685;1;29.29802821;159.5749692
686;1;534.0440139;-67.53027995
687;1;-229.7284498;189.7927923
688;1;-296.5198484;-47.48197655
689;1;-75.75294402;65.54425727
690;1;720.9962597;363.2637743
691;1;-656.1449205;-64.84679316
692;1;-720.3126174;132.9417686
693;1;-1032.315755;-39.13322883
694;1;-1102.714111;209.3400018
695;1;177.7170414;-116.595528
696;1;-1110.91877;-151.5680417
697;1;-412.8784951;141.6850015
698;1;-1155.19391;19.15810506
699;1;945.3515318;-243.1172241
700;1;-544.9241477;-153.5163614
701;1;-1.637591521;254.3336006
702;1;204.0941535;156.0928449
703;1;-1172.347039;75.49122953
704;1;-323.7100877;286.0400351
705;1;-454.434539;40.07206491
706;1;628.25546;-370.9615641
707;1;-1291.27113;114.3385476
708;1;750.4327582;-85.29794239
709;1;-800.8306924;-27.92337279
710;1;-864.1404712;-96.97380732
711;1;-79.21122479;143.5114381
712;1;-547.9357879;477.37145
713;1;2200.930061;94.26699811
714;1;95.14110958;415.44944
715;1;-22.29703723;96.14021447
716;1;977.1059364;38.79929014
717;1;-274.8767482;157.1436197
718;1;-153.2303957;-124.824344
719;1;-1185.321441;-93.53118306
720;1;-1734.409728;-294.9235335
721;1;-1274.793289;-267.5477711
722;1;-77.93592075;85.45346268
723;1;-1157.53684;82.42713605
724;1;646.3028621;36.03879411
725;1;695.1687987;-179.0272667
726;1;44.1969349;-43.46740936
727;1;-426.7111531;-38.5262925
728;1;-1370.742537;277.2298229
729;1;-536.4756306;118.5636791
730;1;612.0223467;16.42301818
731;1;1499.049387;-173.9474484
732;1;398.5081728;15.93645629
733;1;-1223.134652;-301.29028
734;1;1972.177746;-32.7547987
735;1;1086.935284;10.82406302
736;1;51.58007089;317.7192832
737;1;-1713.374672;264.1046569
738;1;-1100.360916;175.2403286
739;1;-284.3398598;52.19034308
740;1;744.2366335;52.42475541
741;1;-1257.213291;221.8087217
742;1;-462.2703467;-88.51581982
743;1;-486.516116;57.0145363
744;1;-866.7869948;295.7255465
745;1;-546.5306041;23.4892517
746;1;718.5874116;-171.1453692
747;1;-1679.203512;118.8370185
748;1;-101.5352409;215.7891413
749;1;-210.3734478;348.4061017
750;1;-222.9919033;-7.303275814
751;1;618.3620606;-12.45329434
752;1;-223.0667486;297.7612434
753;1;764.2778097;63.70537195
754;1;-1656.934487;132.9339061
755;1;-1223.062137;193.4134964
756;1;205.055485;267.9218692
757;1;-580.1517321;307.1226466
758;1;996.0531579;115.6238246
759;1;-1137.0734;-45.32237572
760;1;693.5744139;58.85953556
761;1;-871.4877734;214.6931158
762;1;-1212.856045;318.2841009
763;1;-570.1910622;207.1204237
764;1;-152.0453567;-181.0924732
765;1;-1287.774384;119.010029
766;1;-951.4050916;-124.4612709
767;1;-1299.353981;93.53786301
768;1;1095.845657;-79.96790866
769;1;693.1825823;375.0756787
770;1;-1156.989903;71.66236761
771;1;471.8291894;403.5843488
772;1;-482.4461997;-165.743618
773;1;-1213.094092;27.51752725
774;1;296.1432459;256.1519584
775;1;-550.4800641;25.77512141
776;1;906.8800656;382.1043954
777;1;-419.6096818;-27.73366353
778;1;1333.396385;-207.5226147
779;1;-729.7778447;45.22172231
780;1;46.8016936;111.5615242
781;1;231.9216374;106.9372254
782;1;119.0127891;8.892600537
783;1;25.69570992;26.17806309
784;1;-222.8756491;11.16935276
785;1;-308.6625715;43.5122153
786;1;1575.592311;-88.6351622
787;1;945.41247;252.0808681
788;1;-820.1590613;-46.4791429
789;1;1617.865374;325.8328388
790;1;-42.04487971;-136.910081
791;1;-847.0831109;206.6616486
792;1;-12.54919076;-28.94609749
793;1;-379.8986599;20.7594274
794;1;-93.23235907;217.7430888
795;1;-1114.255291;1.903705746
796;1;-996.568084;92.92303847
797;1;1572.73944;92.10798641
798;1;1019.027183;-96.9362271
799;1;-1046.709822;161.1146613
800;1;-1059.285024;-249.6154959
801;1;2035.694418;266.1199521
802;1;-962.1466908;282.651384
803;1;-1333.6153;131.4365487
804;1;58.93637634;-9.909025564
805;1;7.571326975;158.8451518
806;1;-121.8666598;-1.290556308
807;1;1629.15557;110.5184882
808;1;-416.319668;162.1598658
809;1;1701.717527;67.42757499
810;1;-446.4769196;306.4054631
811;1;403.8236862;46.84200502
812;1;-1157.678817;-25.52470642
813;1;-11.75428595;-82.31125117
814;1;1350.821083;16.55878452
815;1;-386.4908233;-115.1151203
816;1;1463.321348;236.3051867
817;1;992.1096301;192.9977248
818;1;-475.3086965;6.742619253
819;1;-98.39892265;99.13835855
820;1;-658.6621245;12.52134409
821;1;-1833.623577;625.2699606
822;1;-116.3987021;236.2010933
823;1;-82.55559878;189.1258026
824;1;39.47679122;170.5756047
825;1;-1473.191133;89.98450842
826;1;42.79340643;207.5680981
827;1;8.659272152;241.9544255
828;1;1430.624433;314.9698924
829;1;427.669788;0.533033712
830;1;-1102.525033;316.8844962
831;1;-344.8996679;-86.59014748
832;1;13.5127284;405.286471
833;1;110.5947487;111.3265197
834;1;-892.8195;159.9099216
835;1;-821.8167195;-9.680464696
836;1;-1500.458251;16.39669804
837;1;272.4446093;-8.238634271
838;1;613.7961147;320.8194782
839;1;995.1572361;403.2567717
840;1;-1094.164757;-62.24869745
841;1;-474.9746839;181.7304524
842;1;-1349.122705;39.84351208
843;1;858.1965357;81.4590711
844;1;203.68115;165.061913
845;1;953.1871641;48.25729517
846;1;538.9014578;147.8630672
847;1;-818.0924121;294.7612963
848;1;-0.860779829;-215.5067661
849;1;-1622.18356;102.1810334
850;1;400.975216;119.5343894
851;1;1029.455035;170.4394878
852;1;-1040.533354;126.0946379
853;1;-1694.516299;212.9212282
854;1;-1455.65484;106.2580696
855;1;-1212.908856;159.6246634
856;1;-204.4264221;122.9575335
857;1;-1294.121676;254.7370474
858;1;469.6719276;159.540164
859;1;-1707.304424;173.5057333
860;1;-473.6776362;243.8818029
861;1;1229.231774;135.4903392
862;1;-569.0714622;121.2178346
863;1;-1249.343743;227.6855158
864;1;-1239.117004;-62.48059191
865;1;-1070.230004;212.8502535
866;1;434.4502153;-119.7812475
867;1;844.9141787;-106.2765832
868;1;1362.510528;167.3889518
869;1;1177.700397;212.2810123
870;1;-20.15304334;-219.0979423
871;1;-1050.11196;244.8742986
872;1;-920.065455;-171.5934237
873;1;278.9030671;20.81012669
874;1;1987.53339;-88.53985805
875;1;-1628.484602;88.33411916
876;1;-1007.83326;64.49043279
877;1;1648.23809;199.905543
878;1;-1179.223563;-17.80229938
879;1;-1500.112867;132.8385505
880;1;527.7076713;160.2894858
881;1;2047.214964;-12.40310492
882;1;439.7815065;-4.167692761
883;1;687.8533573;262.6147027
884;1;475.4296455;-319.731953
885;1;-228.5541077;178.6079948
886;1;-1858.069104;491.0976275
887;1;743.4181836;296.5467761
888;1;-617.6106056;-65.72718596
889;1;1086.30838;226.4310693
890;1;-835.1804251;144.505888
891;1;-1509.929087;25.08404792
892;1;1412.243338;250.4307834
893;1;1.181899308;172.207017
894;1;955.713161;-23.08195172
895;1;1139.896998;18.43910806
896;1;747.6585363;49.35455334
897;1;-814.4126867;77.45433067
898;1;-597.3571411;65.50520336
899;1;1155.6142;-82.42604901
900;1;1149.066714;145.4788541
901;1;-1123.900136;72.14612412
902;1;1988.858705;237.9673853
903;1;-1371.40147;-149.1542288
904;1;-657.9792416;-149.3908219
905;1;428.4559202;38.2319355
906;1;1031.996366;53.17355596
907;1;240.3004663;233.9946437
908;1;-1130.713976;-180.6193409
909;1;-809.1787275;4.654292712
910;1;-17.93441873;46.83566105
911;1;-1018.814833;-91.57981636
912;1;-525.9497998;61.4833576
913;1;-510.968829;-174.1078998
914;1;892.2082977;17.68156786
915;1;-761.4560306;-107.5909819
916;1;566.1288475;-140.597513
917;1;-1402.519208;143.3024494
918;1;-1287.667752;10.44042226
919;1;-1527.930087;99.46319609
920;1;-112.3538627;281.2506612
921;1;-431.3731263;139.480706
922;1;1678.509525;-28.03094535
923;1;-254.857289;218.2421106
924;1;2286.205439;-15.00348763
925;1;-712.3362242;49.66681838
926;1;254.7181239;231.9951821
927;1;-1016.437631;80.03410599
928;1;712.6231617;57.67901079
929;1;-1190.08871;174.6701319
930;1;-1152.681517;176.3377509
931;1;130.8713529;255.8809449
932;1;-104.9526306;28.27658699
933;1;98.90224512;278.0700939
934;1;-129.6792532;-43.43812549
935;1;-747.1266879;358.7653
936;1;-351.1184513;170.3492172
937;1;-228.3403192;48.05537595
938;1;-1343.252955;-249.1157212
939;1;-1016.175295;60.8356166
940;1;-1205.227796;70.94989925
941;1;-1059.283539;342.4429352
942;1;-1308.578251;172.6318884
943;1;-1796.135962;-16.92812691
944;1;619.8312842;79.23898359
945;1;607.760911;-115.9462467
946;1;-477.3455096;-205.4622831
947;1;-918.0888321;286.4589642
948;1;-990.4585795;192.9958031
949;1;267.7002177;30.8021611
950;1;55.24274241;339.5575326
951;1;296.7097789;52.16788521
952;1;-202.9036837;-145.2643904
953;1;553.0920835;224.4025366
954;1;308.7758842;29.89891722
955;1;-1172.876988;178.0209003
956;1;1765.954894;-21.95954886
957;1;-561.6758628;-106.2870222
958;1;-280.4025153;219.7732082
959;1;-116.1760875;-42.23491285
960;1;-672.2319947;14.66757971
961;1;-1785.120148;352.7653874
962;1;-540.4760371;-279.2017376
963;1;-161.604472;-76.75443575
964;1;-1555.610051;336.4309087
965;1;462.133527;149.1992846
966;1;-808.9930168;-221.0136226
967;1;101.6353436;163.3133709
968;1;-971.6082564;43.17226845
969;1;-14.99969845;26.1574432
970;1;92.77262362;12.07768634
971;1;950.8190281;183.0154235
972;1;-379.5642155;235.9977309
973;1;-1664.122087;9.313976431
974;1;-1332.033201;255.7761839
975;1;-1026.138102;-176.2843656
976;1;-512.2082484;426.0891548
977;1;-824.109604;224.338921
978;1;-1016.435715;61.2211549
979;1;-31.57603149;100.0373636
980;1;-1021.578456;-104.484024
981;1;-624.0934641;-45.97320415
982;1;-1089.468994;216.2497466
983;1;-1383.558848;-200.4227359
984;1;1010.461029;250.2059107
985;1;-1342.664204;283.9692726
986;1;-125.4381344;120.0082546
987;1;-783.0019653;4.111518095
988;1;-1175.269951;182.7277797
989;1;94.87612503;86.87525743
990;1;235.4827662;455.4727827
991;1;175.7660948;198.0193904
992;1;-359.9632097;431.2075284
993;1;-855.4867485;-15.33071874
994;1;-1135.963504;189.2073876
995;1;-753.0395694;206.2754351
996;1;-329.836366;182.9240757
997;1;528.5258188;308.3859788
998;1;289.3514759;313.5565961
999;1;-324.7982709;264.0614793
1000;1;-1025.599553;277.3714557
1;2;1249.304705;57.49935112
2;2;956.6656142;208.8253985
3;2;-918.575967;317.0058664
4;2;643.5786043;-185.9445355
5;2;332.9554028;326.2701394
6;2;1135.336027;52.13025171
7;2;-36.36408399;-83.7040924
8;2;-1231.674327;147.6650392
9;2;800.3391142;-196.9803177
10;2;-922.1999889;53.74795736
11;2;432.4729701;238.8258555
12;2;-1400.590471;220.8909714
13;2;1835.221343;286.3081593
14;2;1559.546213;202.3264857
15;2;-747.1751429;-108.9755041
16;2;-478.0345845;-96.8859414
17;2;-886.0440722;152.9097072
18;2;-784.963249;84.42614044
19;2;501.0935571;280.632924
20;2;-1058.418018;299.1084834
21;2;-414.8602162;-4.273640266
22;2;-365.7661134;83.89261811
23;2;-314.8595736;257.8574569
24;2;1.264195424;-78.34024087
25;2;1879.363157;-205.5419109
26;2;-675.1823829;205.0324622
27;2;-976.5418511;235.3140903
28;2;786.3989399;22.78998361
29;2;244.6956933;102.9354673
30;2;66.36787871;91.00353424
31;2;516.0583916;-14.68139268
32;2;-1396.781619;307.0213218
33;2;1160.43223;-90.85352284
34;2;337.8580007;67.89492328
35;2;-810.0970444;313.7966554
36;2;-1597.564845;172.7469339
37;2;-706.4226458;-162.7585709
38;2;-1064.442698;163.1474239
39;2;-639.079779;-90.2160382
40;2;-441.3077726;8.382803124
41;2;1159.991695;13.24497054
42;2;554.8997251;630.9626734
43;2;-16.91378183;170.4136123
44;2;88.07842771;165.0195945
45;2;-1422.396444;197.2786016
46;2;593.9303702;21.61269752
47;2;-1133.118079;-242.0856112
48;2;-160.934474;491.5952208
49;2;203.0406856;87.61620142
50;2;-514.4946921;21.1127757
51;2;-1627.925096;137.3290427
52;2;-981.1956884;272.9509589
53;2;-789.6750623;230.2673207
54;2;640.1241891;358.076839
55;2;375.7997395;131.8509849
56;2;-192.6381326;129.1907019
57;2;-0.165127041;120.987533
58;2;-515.5312954;-157.8038407
59;2;-174.2647562;269.4817787
60;2;109.9319681;48.70430231
61;2;331.7696444;-29.35146422
62;2;-1212.167425;300.6406534
63;2;623.1071708;285.7883337
64;2;-1466.988134;616.0024919
65;2;-504.3168704;250.82614
66;2;-837.2547523;171.4539635
67;2;-1084.236267;54.24985497
68;2;-1463.262445;170.6025012
69;2;-715.2772072;390.4591104
70;2;-660.0234087;58.8204947
71;2;-551.0723609;440.7589076
72;2;-1672.686394;252.2673204
73;2;321.9907438;198.7363235
74;2;723.947376;584.2229672
75;2;782.7970754;129.6268475
76;2;757.0587264;-123.6448852
77;2;23.97890812;4.104948011
78;2;1713.542508;-99.77992389
79;2;-1041.089931;208.4465169
80;2;-1287.095746;163.5047127
81;2;191.4134537;156.4856613
82;2;321.1250084;341.1312835
83;2;-936.994088;-25.29225704
84;2;-167.0313848;52.65947837
85;2;173.3945652;103.9580036
86;2;243.6951045;314.3588444
87;2;901.8917203;200.6248606
88;2;980.3038382;141.5255001
89;2;-1763.063123;659.1957352
90;2;340.5270774;87.92277366
91;2;-784.9566613;410.7320712
92;2;-1213.928408;-50.27755919
93;2;941.1809428;145.6972211
94;2;179.3231506;288.9897794
95;2;-275.2818915;288.4380678
96;2;-470.0770093;-133.2810811
97;2;-1664.941469;240.2956177
98;2;257.8363974;-178.9837376
99;2;250.1542971;142.1029939
100;2;318.4099438;90.73812144
101;2;472.870683;238.8206977
102;2;-503.66655;162.9306698
103;2;1303.288664;54.26238981
104;2;-1767.877;545.8116195
105;2;-985.1517673;163.6461587
106;2;-339.2442716;331.0162727
107;2;-20.34031095;173.3964532
108;2;277.4890967;195.8619844
109;2;580.1449009;300.2844338
110;2;-1448.340219;127.6167667
111;2;-199.7204761;-11.92144349
112;2;428.5155467;219.7823468
113;2;1523.157769;-33.74926167
114;2;-333.237788;-26.16578738
115;2;-508.8595417;128.0704754
116;2;-263.8175855;235.9550646
117;2;-23.88653775;279.8843539
118;2;-722.9538107;-111.8895082
119;2;682.8230954;83.75858016
120;2;-1359.263478;-41.71091766
121;2;-214.6559605;494.0312522
122;2;-757.9877643;-25.58688885
123;2;-763.9253407;397.127533
124;2;1282.735081;23.68905676
125;2;1881.200467;156.3608128
126;2;-490.8378021;-38.01927598
127;2;-171.8017623;235.8988302
128;2;-1470.102114;271.8990006
129;2;-614.6535428;281.7415037
130;2;-642.0195321;-8.219365693
131;2;-1248.363712;-77.53612202
132;2;-161.0229725;-142.6591611
133;2;1413.956959;52.77087356
134;2;-1483.06541;154.7242293
135;2;-480.6440433;133.6624632
136;2;355.6951077;144.0078896
137;2;2319.864331;495.4507943
138;2;-825.1991213;34.07543142
139;2;-657.6750192;468.4054173
140;2;-1155.917001;145.2413879
141;2;-1227.183453;372.4827709
142;2;-446.9358035;566.360571
143;2;-233.3740999;-55.44708674
144;2;-550.4317417;126.2623534
145;2;1145.057588;166.3560139
146;2;10.89507417;248.4055425
147;2;-324.8814908;57.31068279
148;2;-813.6752035;279.1211072
149;2;-1329.840767;212.7729165
150;2;39.43288207;115.4214486
151;2;-179.801002;54.07071931
152;2;1575.581213;508.3615602
153;2;133.6928251;-70.75694114
154;2;793.1290747;32.25257888
155;2;-162.0555289;249.9014299
156;2;-995.3700368;237.1174326
157;2;131.9103098;-94.38549892
158;2;193.8363478;24.7513327
159;2;-994.6263399;-65.23607327
160;2;-240.4163934;314.4686861
161;2;-1223.790296;61.84631673
162;2;1718.587849;-144.2431322
163;2;-453.1176129;197.8828197
164;2;-1014.98785;-62.08630375
165;2;-281.7343105;162.5071833
166;2;158.4710524;38.20481197
167;2;-332.1837334;68.22757428
168;2;606.0200983;-138.0752769
169;2;-390.1476241;-264.3621999
170;2;1362.146909;223.6409945
171;2;-11.81827458;353.2045968
172;2;651.1554954;313.7602388
173;2;-1260.871924;178.7164873
174;2;-862.4955976;193.2445465
175;2;1196.825821;177.3773706
176;2;408.5405623;69.67742218
177;2;-357.2257554;226.8081211
178;2;-328.0745691;398.9755679
179;2;-449.7466014;285.6454206
180;2;-123.2249431;295.9715849
181;2;-1515.173903;166.8221081
182;2;2095.692939;286.692856
183;2;750.570477;124.6448523
184;2;841.0889455;-94.62440621
185;2;-1621.124944;35.0695868
186;2;-231.6174141;144.702108
187;2;-634.720016;224.8826626
188;2;-1376.844299;316.3520507
189;2;-769.5014072;235.1971699
190;2;-455.3105055;-82.55832117
191;2;-1516.938452;247.110139
192;2;721.0605078;-34.54418115
193;2;-541.5652536;197.09782
194;2;-335.1164623;6.518099928
195;2;-821.1175401;-51.02610056
196;2;-1222.382321;244.0631467
197;2;1631.303038;-76.65802835
198;2;-1513.195327;428.7920959
199;2;-1222.205448;9.013254864
200;2;516.7935397;199.1419528
201;2;-1101.640164;299.6017109
202;2;-890.8791734;36.01866234
203;2;-669.5195021;148.0019116
204;2;-571.8508121;48.19569332
205;2;666.3270985;-69.11566869
206;2;-814.0748409;-155.6339246
207;2;-106.6400601;5.630690686
208;2;711.9521657;220.161155
209;2;-1464.51302;259.3729642
210;2;-889.2659131;10.66780134
211;2;-603.3056687;163.8218218
212;2;-1782.060935;50.98854447
213;2;-1026.575081;238.9442097
214;2;818.8260499;-33.99087215
215;2;-651.6556399;112.3873834
216;2;-630.5793885;153.7892728
217;2;-367.7552333;8.926751612
218;2;687.5842336;395.6080539
219;2;-712.4780898;174.4314947
220;2;366.1428765;264.4955954
221;2;492.5733759;202.2437888
222;2;-1147.240572;269.2807479
223;2;-276.9914873;179.8968308
224;2;-755.949759;529.741244
225;2;290.7588228;23.29117018
226;2;-1448.216318;425.0322734
227;2;1549.873564;-68.5714677
228;2;-1014.832232;151.2972931
229;2;-872.3821349;68.40042464
230;2;-1065.69259;105.0255701
231;2;-357.9037817;157.2335566
232;2;-721.7106835;232.1629899
233;2;-79.64759622;-33.02602506
234;2;-1610.095135;245.2661307
235;2;-25.85473681;224.0267321
236;2;-190.8358474;183.4438589
237;2;-1493.96014;21.49136761
238;2;115.18077;-19.64238779
239;2;-146.1424056;77.40133041
240;2;-456.7394478;141.11389
241;2;-223.1209969;406.1296596
242;2;250.3252169;62.7049218
243;2;202.4689509;390.4307603
244;2;-656.4521915;-13.65181247
245;2;1280.979303;31.79088259
246;2;-249.0479051;147.2999045
247;2;-357.1132371;97.70617413
248;2;995.8365029;152.5428565
249;2;-898.6291423;426.0390007
250;2;-1127.172042;311.8331371
251;2;-902.8108453;256.1815526
252;2;-1254.528216;-28.85854629
253;2;-1573.615758;164.0634755
254;2;157.6988395;66.37608886
255;2;-367.0529883;255.6958265
256;2;584.4199453;-137.3056881
257;2;-210.1936117;103.6912837
258;2;280.8851168;214.9195467
259;2;-717.0935458;280.1155808
260;2;-1104.455501;271.0028326
261;2;767.1159636;416.3944193
262;2;743.9850266;-279.4283365
263;2;-1553.909662;223.7819321
264;2;902.9078099;162.9401771
265;2;-1570.428072;107.6723657
266;2;-259.1718701;115.719666
267;2;-621.1430909;146.0394451
268;2;-348.8177665;280.8326803
269;2;1206.167723;202.6307159
270;2;-1304.958138;282.2290637
271;2;-492.5576299;43.1416803
272;2;-1432.623572;55.89378251
273;2;-834.8426999;225.2634355
274;2;-254.0500323;165.4509178
275;2;23.31791632;143.9497049
276;2;-751.3886659;129.4543574
277;2;-493.1167254;229.0562881
278;2;1189.384483;173.7065319
279;2;-404.7934789;-93.91481683
280;2;85.45334228;161.7618472
281;2;230.978911;-174.177019
282;2;278.1909724;-2.829063426
283;2;387.4734315;201.0173403
284;2;-146.5078936;44.24426873
285;2;-905.3885024;136.4570985
286;2;-273.0348602;112.3740869
287;2;-1106.906594;198.6426846
288;2;-101.9684191;5.542459768
289;2;-575.2250681;256.115975
290;2;-338.3724774;194.2772787
291;2;-1203.368883;138.933902
292;2;-510.4273603;286.8615846
293;2;-1196.960377;58.85615818
294;2;-631.5713055;191.8581259
295;2;432.0798202;242.7856581
296;2;71.96559564;169.1685906
297;2;381.6166876;131.0901511
298;2;-80.40030275;339.668633
299;2;1070.232146;21.84913704
300;2;1338.456792;262.697274
301;2;-1389.805578;260.2103822
302;2;923.3676954;37.13580375
303;2;766.8801101;67.28126588
304;2;992.0961931;46.80644571
305;2;-1065.932636;272.8790144
306;2;-1791.448827;549.7944834
307;2;-200.6282921;-181.317915
308;2;-73.28063497;441.9524659
309;2;-371.9385028;-184.1575186
310;2;726.0103851;219.0256311
311;2;-66.36577578;58.79275761
312;2;-962.8911535;334.3958209
313;2;-521.3730414;169.0307167
314;2;542.0844919;299.2529768
315;2;-869.4916887;111.6622713
316;2;-1176.271796;-185.759007
317;2;-816.5815353;62.31182947
318;2;-1174.143293;145.4828967
319;2;440.1541327;344.1018604
320;2;-1470.354977;-31.20907792
321;2;-1117.994293;121.0969922
322;2;-177.671396;177.9542073
323;2;-1546.150755;416.5172643
324;2;-725.2735735;-121.6823302
325;2;-532.4488639;320.8577905
326;2;-484.4457926;349.567148
327;2;-742.2188325;160.9980563
328;2;-866.6585886;401.3614327
329;2;329.2932915;288.3363089
330;2;-546.9900157;74.30713441
331;2;-760.9320634;-10.04940923
332;2;-506.9802369;-188.9408773
333;2;1163.121579;286.7793562
334;2;-849.2622185;304.1630178
335;2;-185.2410688;366.1181603
336;2;-551.7097847;151.5181122
337;2;2190.938845;156.561987
338;2;515.7625554;-157.5204139
339;2;-1573.384251;183.887748
340;2;-658.8314993;-0.442767002
341;2;-1734.35866;195.7161006
342;2;-310.9443131;218.8968888
343;2;666.6855899;22.29082917
344;2;-1054.993014;215.6778798
345;2;-1321.677886;74.29453555
346;2;-1107.799065;473.4055094
347;2;944.9339797;511.9432765
348;2;40.22706099;322.1371901
349;2;908.0411715;94.31588108
350;2;1076.102193;183.3762188
351;2;1399.578847;-142.2484979
352;2;138.9810223;-81.07896335
353;2;-10.22900618;78.06861558
354;2;-1100.957586;453.7465003
355;2;-1276.834959;162.4648147
356;2;-812.6375082;253.5870066
357;2;-357.1289687;127.6536644
358;2;-1124.414535;155.9716488
359;2;840.5917495;196.9778516
360;2;-976.6866885;114.9569313
361;2;194.6787994;281.7564513
362;2;893.4608654;-88.23257156
363;2;-1258.678144;208.7341915
364;2;1104.339671;154.6773226
365;2;-1686.693879;334.5746964
366;2;59.09758123;-15.19975526
367;2;1770.366665;134.749309
368;2;469.3299462;-174.5651342
369;2;954.7284184;165.5977453
370;2;-769.6573064;-190.944663
371;2;142.6363915;370.7989633
372;2;1220.24359;208.4820317
373;2;-1349.541932;235.4564917
374;2;1074.921805;-232.322985
375;2;-1395.326216;151.9367095
376;2;-719.619341;57.59310618
377;2;410.9777585;321.3577621
378;2;-308.6388646;-115.7258991
379;2;1043.12753;-111.4529612
380;2;-470.3749251;154.4531848
381;2;556.8403149;136.4676887
382;2;-571.9604867;62.79348915
383;2;361.5504441;76.43388128
384;2;-731.3603147;111.7711717
385;2;-787.8673491;28.25511267
386;2;-204.0724604;68.60931418
387;2;1545.174001;62.23272975
388;2;139.0547492;230.2313926
389;2;854.1124843;362.633472
390;2;566.4758012;272.1912126
391;2;-92.4686972;149.325987
392;2;622.5827871;-111.6586301
393;2;-359.801922;289.9973102
394;2;-1301.299226;471.5653699
395;2;203.6045393;164.9890879
396;2;-1730.886048;295.1630351
397;2;-1123.638754;345.8686593
398;2;-274.4313254;186.0057942
399;2;-383.6871864;482.251446
400;2;-645.6960691;202.1592784
401;2;1056.748716;-110.1552295
402;2;-1183.056188;366.187633
403;2;770.2741814;186.7204685
404;2;-157.3702687;106.1487719
405;2;-327.7575126;-11.96484633
406;2;-617.6081452;218.0962683
407;2;-1533.668208;286.8558992
408;2;-1098.963249;274.4733329
409;2;406.7624401;291.4071705
410;2;-187.166421;-46.86715407
411;2;-1400.635842;162.227364
412;2;525.5418553;105.0224932
413;2;778.349121;186.9553827
414;2;-355.8633275;204.938756
415;2;-226.6583453;169.4492125
416;2;1634.884826;-213.5702036
417;2;262.783871;171.6633142
418;2;-258.4981828;365.9107107
419;2;1728.2053;-209.1056252
420;2;-292.1189977;109.6602485
421;2;958.6914405;167.0576337
422;2;-572.1418005;34.72127582
423;2;-1188.181579;13.64209525
424;2;1074.797756;-3.069303853
425;2;-553.396396;-50.84582151
426;2;-463.2751086;158.6024743
427;2;966.6273239;421.8739775
428;2;-1125.813032;303.4185576
429;2;114.7815218;-14.09292043
430;2;-951.1221522;27.29186156
431;2;-1362.929042;28.77145343
432;2;601.0585902;8.161971118
433;2;1895.865192;15.71274157
434;2;-971.384677;386.2597246
435;2;-1046.826821;364.5873979
436;2;-1185.071096;-131.2022124
437;2;-681.6143311;293.6101248
438;2;615.2563178;372.7238723
439;2;677.8198565;53.64967268
440;2;323.843584;363.2996168
441;2;741.9028238;174.5789416
442;2;-691.7186936;225.9215037
443;2;-396.3261432;159.3657007
444;2;637.231429;321.0772844
445;2;-508.9093834;112.0637746
446;2;-1105.57635;61.19691557
447;2;-1377.562121;283.3824174
448;2;-1539.262814;130.2231232
449;2;-175.2960656;142.956667
450;2;2274.665978;572.2592644
451;2;848.2482192;-18.97583256
452;2;-409.630315;81.12019089
453;2;440.4443849;39.51005842
454;2;2108.449429;3.907410904
455;2;10.99828516;273.0072175
456;2;-783.8127148;100.7325896
457;2;-1122.431252;162.4220799
458;2;686.626478;215.2520508
459;2;-60.15809878;100.8294994
460;2;663.5581821;-238.0078814
461;2;431.8072303;193.3058343
462;2;-231.2570781;217.2160053
463;2;317.8431057;30.30002116
464;2;-1276.911047;18.00504735
465;2;-1392.612281;49.4751341
466;2;689.3159075;363.3712302
467;2;-110.4659978;121.8348913
468;2;-352.6344097;173.669683
469;2;-1528.800512;259.75767
470;2;-784.1817054;105.462347
471;2;14.0698394;476.9017723
472;2;-708.0388396;187.0254897
473;2;-115.9428779;1.583111423
474;2;250.2598579;153.8125715
475;2;-358.9315091;354.1307752
476;2;304.2707339;-105.1553483
477;2;-469.6100313;449.9479461
478;2;-545.8938056;227.8880642
479;2;-480.9367452;104.0961637
480;2;579.5423243;255.7968719
481;2;825.7202709;-178.1822168
482;2;-1121.520041;382.0599072
483;2;-904.3627591;55.31384609
484;2;586.5510702;48.34178247
485;2;1386.652956;-21.89618165
486;2;-690.6178961;107.7973825
487;2;-879.5424897;26.39684535
488;2;1810.716663;-301.2936224
489;2;40.77187251;91.30125039
490;2;2008.39904;251.5390947
491;2;-217.2776592;157.2388262
492;2;-995.0317636;223.0547914
493;2;-264.6024852;316.7002286
494;2;-117.5123436;37.11830079
495;2;-1474.055856;515.2086337
496;2;-395.0468128;5.690005945
497;2;-644.0143373;104.5798052
498;2;385.9002284;414.9248425
499;2;-749.4907064;220.6895616
500;2;374.2053273;175.5870416
501;2;444.3061413;21.98121702
502;2;-506.6262385;-121.4841257
503;2;-256.7640007;55.58096089
504;2;-142.5334186;143.5538081
505;2;-1012.404689;393.8168061
506;2;489.9053452;15.07723436
507;2;-133.448764;-69.01696608
508;2;-1630.492906;322.6686608
509;2;-427.9384575;136.1064451
510;2;1733.758807;64.12414047
511;2;-486.6039906;390.7466851
512;2;186.7309068;195.6292875
513;2;-445.4215302;320.4951589
514;2;-1083.31266;199.0407486
515;2;-342.5732848;67.54303664
516;2;1539.718104;109.595508
517;2;-1360.739814;-0.29366628
518;2;953.5825698;-81.07798864
519;2;-1293.429108;243.5213143
520;2;-1444.340221;188.5100137
521;2;-169.377431;169.2041729
522;2;127.8148862;265.3438662
523;2;1330.843552;46.52613909
524;2;-250.1743147;396.8413146
525;2;295.0947304;88.44703421
526;2;1472.583314;193.855932
527;2;174.1465357;-102.1709661
528;2;245.2966001;173.3519289
529;2;1214.451164;-74.61628056
530;2;-276.599184;12.19226259
531;2;224.7768235;-102.0664504
532;2;1998.521761;64.28285358
533;2;-1117.084027;304.9744927
534;2;-303.2134249;129.51425
535;2;-1481.020195;162.6673173
536;2;-112.273992;158.0024732
537;2;2279.751644;554.3771801
538;2;1183.448957;367.3750102
539;2;-580.8361769;-277.1535046
540;2;-356.173698;0.080315157
541;2;-1124.312169;276.1745296
542;2;-998.0693793;403.4869036
543;2;383.6334396;210.0285947
544;2;-526.7762873;180.8517528
545;2;605.3734951;186.0477449
546;2;841.2557253;185.0297926
547;2;223.3669772;213.8178802
548;2;-624.7941137;243.8803089
549;2;-1442.874642;455.789919
550;2;-77.33211794;129.1828816
551;2;-1160.742343;143.2104601
552;2;588.9899452;251.2035678
553;2;759.9216273;-35.05217602
554;2;164.3730447;29.25495844
555;2;-1160.952137;-206.6618328
556;2;-944.1130095;145.9500955
557;2;-712.862736;208.6325442
558;2;-39.19138776;-131.3563925
559;2;-1074.938362;561.9715314
560;2;-340.5948396;33.40251911
561;2;-1011.982498;-115.3317881
562;2;-1039.425489;159.1289598
563;2;-600.4354567;201.1531861
564;2;-1205.488808;58.62485545
565;2;682.4478162;165.1682091
566;2;944.7358033;-36.89813488
567;2;-552.3280039;247.1672984
568;2;-1434.347697;152.8461132
569;2;520.2585697;359.0928134
570;2;-1024.277799;306.2144739
571;2;-1004.598303;130.1762437
572;2;-36.97861173;121.6749197
573;2;-1116.276003;266.4783187
574;2;-522.1517534;50.76106986
575;2;-957.1128378;-23.96583042
576;2;259.5621234;271.2611585
577;2;-1017.549693;236.122702
578;2;-1015.544861;-48.15672619
579;2;-1105.773003;21.59390687
580;2;-195.9193219;189.0879715
581;2;1370.527751;307.7692023
582;2;-1050.681493;166.7452245
583;2;45.063138;90.84967093
584;2;-860.5332679;53.68459504
585;2;-1196.122903;144.1860471
586;2;1199.07883;-9.454221582
587;2;-783.9384127;284.7040764
588;2;-887.0158096;90.15790641
589;2;603.692659;162.5936231
590;2;1226.228133;79.37894885
591;2;-1005.434774;143.6317592
592;2;-121.5570702;312.7235846
593;2;983.6728414;231.3075747
594;2;-722.2929391;232.895389
595;2;521.1593061;-23.63788537
596;2;-655.5348958;223.9304867
597;2;-1226.517867;202.6066982
598;2;-1721.098735;266.3138639
599;2;416.1339809;213.1447365
600;2;-569.3028344;268.1031033
601;2;2029.14505;26.3912992
602;2;-1215.114159;605.8670214
603;2;-710.0480269;-287.6766932
604;2;806.9406354;179.944456
605;2;-487.9928992;-19.46978387
606;2;381.7351062;132.9408921
607;2;1559.035734;-92.93566229
608;2;2510.00655;1168.45422
609;2;-150.2118813;71.35591639
610;2;-1011.074824;257.5555873
611;2;-1193.438416;212.2099088
612;2;-763.4341916;348.182849
613;2;-651.5799075;259.4483638
614;2;-1277.209678;138.2934429
615;2;525.0412472;152.8940363
616;2;1654.592826;330.5820482
617;2;-667.5707046;277.9003421
618;2;-1162.523772;261.6171609
619;2;-1316.436062;445.0954285
620;2;756.2579176;162.0092907
621;2;-172.7970699;57.43788933
622;2;-1620.908362;109.1818509
623;2;-344.2010824;168.1773826
624;2;-207.9650759;306.4883053
625;2;-1015.559362;128.7464157
626;2;-1283.767998;35.72543092
627;2;-676.7466755;-8.857317594
628;2;-900.0247659;-32.01923364
629;2;-876.2466346;415.1084483
630;2;-1736.70919;500.0184456
631;2;-371.5506577;50.39382064
632;2;1001.470657;-108.9379058
633;2;1289.545964;-339.2119465
634;2;102.1491117;-61.42337195
635;2;-1170.749867;237.5671746
636;2;400.1932524;-7.900087627
637;2;1211.174691;95.7403278
638;2;2223.106756;596.6969704
639;2;812.2996481;-203.9624866
640;2;1647.051659;3.097384708
641;2;319.0148673;-45.5060003
642;2;-1318.634338;386.859144
643;2;-1029.360378;183.8429672
644;2;2223.633436;441.8021175
645;2;666.8510273;132.3184867
646;2;-870.5322289;234.1066557
647;2;-902.8921123;238.6219632
648;2;-1074.976034;70.68579456
649;2;-37.72401002;334.6331414
650;2;-476.7477863;333.7494033
651;2;1369.493474;43.2885503
652;2;-187.4481412;161.8727224
653;2;739.5193103;-194.7816159
654;2;-606.7595634;129.5072206
655;2;-6.450171871;-202.0427217
656;2;1119.094604;107.3599944
657;2;628.7492097;-167.8123705
658;2;991.2201396;-75.06416066
659;2;-1591.660522;135.7643746
660;2;-3.773975691;259.491096
661;2;-416.4094197;376.6182163
662;2;-855.4124704;82.80964401
663;2;-776.254958;138.4305011
664;2;1978.027339;63.69818007
665;2;308.0130122;-9.144413436
666;2;-366.5159706;132.7050087
667;2;988.1002142;265.2678484
668;2;-762.4932596;367.6080289
669;2;-49.02801186;438.5987649
670;2;1685.130786;61.47002217
671;2;-560.1070661;195.8796874
672;2;-979.9927181;212.1101155
673;2;-1169.901275;-60.9063418
674;2;86.79676287;110.451646
675;2;179.0329124;181.4742616
676;2;873.1735758;382.9845775
677;2;1629.665289;109.713629
678;2;-1302.217253;-74.67246614
679;2;-48.52581264;178.5541206
680;2;-613.1866337;-121.1174027
681;2;305.8763226;-21.62774042
682;2;-256.7821387;56.75605754
683;2;-924.1765762;133.6982664
684;2;-1642.191099;25.92322157
685;2;1248.663951;204.0415586
686;2;-1050.070241;258.0033377
687;2;894.7395132;-41.48404786
688;2;-71.1976556;16.18604025
689;2;361.6112497;-0.33023023
690;2;-707.1005045;190.8944114
691;2;-684.8120782;287.4061159
692;2;-457.9630378;73.66174357
693;2;1156.347168;343.6357415
694;2;-697.2592588;80.61939358
695;2;-399.2797638;150.3120923
696;2;791.9102376;251.6746204
697;2;767.9505929;-95.79001092
698;2;792.5626137;50.94045167
699;2;-152.8749471;293.293904
700;2;127.4392878;42.67260214
701;2;-840.2897886;184.0548974
702;2;-1605.546899;299.4203636
703;2;859.2457849;342.3269901
704;2;196.1751526;254.2910844
705;2;-182.6929886;91.59759932
706;2;-821.4930034;287.5594013
707;2;-487.500786;422.2897576
708;2;-315.3222648;92.26757491
709;2;-611.0653748;310.4065965
710;2;-1042.566119;-27.45215562
711;2;-716.648339;-12.65931026
712;2;-301.5110088;155.1888613
713;2;-1366.166627;-78.3490604
714;2;1270.614188;236.5197664
715;2;-96.83817578;-246.8548942
716;2;1059.306853;-28.03175669
717;2;-1353.498716;25.91228158
718;2;501.0307156;245.4231054
719;2;-588.9237982;-0.388090966
720;2;-260.4579952;348.9033141
721;2;-810.9483688;9.614911165
722;2;41.46433188;81.85236863
723;2;-101.6929827;61.88646233
724;2;-1689.956406;427.244911
725;2;868.7381343;-166.0876576
726;2;-30.77513559;255.8463965
727;2;-1113.12864;426.9314826
728;2;-1204.963855;100.9452921
729;2;-889.7868773;-93.33806828
730;2;-1485.811101;252.7530114
731;2;-50.29960417;-63.89979282
732;2;14.87637937;-88.75377369
733;2;432.40196;53.18900685
734;2;-1435.197929;44.39368926
735;2;-1463.922025;477.8707576
736;2;-1056.48319;319.8313757
737;2;689.749019;169.7380215
738;2;-1047.309625;102.3635229
739;2;473.4703489;241.8865953
740;2;-444.4879079;7.946520204
741;2;248.6575111;97.56619357
742;2;-1161.665272;319.7231879
743;2;-1096.200893;20.78074251
744;2;-323.0791296;163.952446
745;2;-434.0667042;117.2236782
746;2;-1576.662189;203.5833116
747;2;445.3410238;74.90189537
748;2;-640.7780108;135.2353869
749;2;-145.9402326;272.9271419
750;2;-899.7540192;284.9667798
751;2;-624.9664705;214.2010134
752;2;-329.8441747;223.1854536
753;2;-1077.515453;392.2841085
754;2;-1365.890679;246.2968775
755;2;-1266.717077;241.2287163
756;2;-746.983886;132.4287568
757;2;-676.4071748;172.5835858
758;2;-1323.602786;284.4354822
759;2;245.5461326;119.0821928
760;2;-642.9223551;84.86148021
761;2;-102.5833428;265.373044
762;2;-866.9743835;436.96601
763;2;800.787051;-98.93264335
764;2;-1540.733807;100.9748441
765;2;-31.32607816;198.3823978
766;2;-178.9644557;258.2587363
767;2;1150.112081;-68.55431162
768;2;-450.4255668;-3.432223034
769;2;392.7602242;-83.19001501
770;2;268.8362278;141.7870202
771;2;-852.5632174;323.7198119
772;2;-300.9339526;206.7224559
773;2;-354.7804585;111.9009018
774;2;1238.592103;482.4158131
775;2;70.51589802;-89.9576139
776;2;133.0897471;181.7434947
777;2;289.9259943;60.94407066
778;2;222.1382306;17.80886368
779;2;438.2986241;132.2788728
780;2;1817.41026;16.64925049
781;2;1019.189714;264.8617171
782;2;192.1569668;-4.4827602
783;2;-821.098717;140.6458713
784;2;215.3521537;-52.25344869
785;2;-45.90866628;52.77380541
786;2;-1595.396683;305.9452136
787;2;-1464.839454;-133.4268133
788;2;-1578.933888;48.36950892
789;2;552.2352428;127.9457008
790;2;354.6692048;-125.8637348
791;2;-135.9875074;325.6333792
792;2;-483.1408008;-116.4793183
793;2;-935.3428602;77.15181561
794;2;-1313.456385;146.9499597
795;2;882.7319076;73.08896521
796;2;-790.8550144;93.8857055
797;2;-353.330927;125.8412344
798;2;510.5726503;223.2854387
799;2;442.6229198;-149.487126
800;2;-619.7267088;269.2783025
801;2;-758.048652;367.9743559
802;2;95.04316586;16.04804442
803;2;-1256.156934;-96.06589462
804;2;152.1895052;-111.8768041
805;2;-8.190233555;-156.2270491
806;2;84.26789031;119.6867839
807;2;-505.2064146;311.7283879
808;2;-1550.086246;451.7688177
809;2;-1655.63621;331.3658748
810;2;-1327.306435;304.8806109
811;2;226.3394157;-29.11188586
812;2;-374.604084;-18.84609492
813;2;-926.6829938;190.2157501
814;2;-966.0796056;143.1123152
815;2;464.2626316;-171.0925334
816;2;-1498.820742;328.3759356
817;2;726.4213126;67.13243064
818;2;331.9455605;103.4102484
819;2;-1036.12944;79.92191357
820;2;-316.1340662;202.779785
821;2;1740.653304;-21.98806911
822;2;232.8903787;-107.2139953
823;2;-440.0605173;228.3233683
824;2;339.8765255;-189.1911731
825;2;-485.032956;177.8266123
826;2;-1135.776002;205.6005826
827;2;857.345481;551.6575512
828;2;654.1653122;154.9045165
829;2;1433.893375;-74.59511934
830;2;1718.165479;110.7656888
831;2;782.3510576;85.02114125
832;2;-248.9616109;178.0325707
833;2;-309.1171368;-65.1301077
834;2;-638.499618;382.9153461
835;2;-965.3387588;233.0968404
836;2;-616.5105782;78.09067046
837;2;546.2692337;-177.049076
838;2;249.9827874;222.4928376
839;2;-1273.803387;-13.81522547
840;2;-1285.197319;45.25156268
841;2;-638.7992156;254.8705112
842;2;-635.3428016;184.6651556
843;2;-675.0243608;138.8948587
844;2;-779.8635251;-64.38078662
845;2;-775.6358239;-234.9216428
846;2;-1112.169505;15.86951957
847;2;-778.1735559;-21.38592781
848;2;-559.5196078;-14.20791268
849;2;15.79290035;180.0328463
850;2;535.4188091;12.63926209
851;2;1014.184116;212.199567
852;2;-981.3320856;282.0084106
853;2;-160.2790965;39.32947969
854;2;-685.1265358;-103.0718655
855;2;715.925918;-99.04737521
856;2;-896.6608149;348.4604957
857;2;1163.310846;-122.4321812
858;2;456.3508641;340.390096
859;2;-1073.076494;216.3456029
860;2;1107.528456;321.5598834
861;2;1247.10104;26.45991565
862;2;-1814.636064;397.0972639
863;2;-43.18665789;118.1203423
864;2;-394.8547845;141.7272216
865;2;-862.2847258;237.5847979
866;2;-376.8268151;125.23583
867;2;-1753.980383;356.5367986
868;2;-1229.828912;442.2474129
869;2;-304.737167;245.9141855
870;2;845.2538664;-241.0629475
871;2;37.87242844;187.6509337
872;2;582.8167958;76.60470151
873;2;-1156.687097;146.6155343
874;2;1736.456667;309.3083626
875;2;1336.742565;399.6692496
876;2;550.7617053;-220.3994302
877;2;-396.5671176;-159.5689256
878;2;881.2919441;196.229658
879;2;-829.1391737;83.4737458
880;2;-1042.450716;132.2141164
881;2;-1718.969304;537.2707874
882;2;15.33146948;6.150018537
883;2;-235.5092004;-24.64444123
884;2;321.7840738;68.53725124
885;2;782.7069285;256.9215143
886;2;1102.848447;176.9466525
887;2;548.1558536;310.8609511
888;2;-1027.957942;-108.136207
889;2;921.4398067;81.2182352
890;2;-136.6256226;245.9244883
891;2;-1606.165012;453.8665381
892;2;-332.7731983;-245.3782884
893;2;-1574.503415;94.25377095
894;2;-1171.793712;321.1572601
895;2;-828.4966247;249.872513
896;2;-799.797032;243.30421
897;2;971.4398644;-56.79251341
898;2;-280.8686909;152.0358479
899;2;-1087.322263;-136.1533087
900;2;-841.2017815;174.1561978
901;2;-789.3221505;-43.32735927
902;2;9.322749036;-138.8820127
903;2;448.6964701;90.33664914
904;2;-646.1967379;401.5898656
905;2;-566.8874711;-27.46521901
906;2;420.6020727;-33.85694307
907;2;-1035.604793;167.1401928
908;2;-383.5933028;56.01882408
909;2;-364.3937207;-34.40931319
910;2;-952.3934642;239.5167498
911;2;-863.7133259;40.13461818
912;2;-534.9396957;184.5769805
913;2;-1045.322494;336.2042983
914;2;-313.5278932;172.6157733
915;2;-1317.700532;-73.71678867
916;2;238.5575184;242.1449002
917;2;-692.0498561;196.2722406
918;2;795.4704236;188.3414829
919;2;302.6114359;48.92592087
920;2;-731.9612177;14.86091291
921;2;-574.8445149;91.53116415
922;2;540.381789;-78.36265018
923;2;709.204559;-133.154612
924;2;367.1081134;202.1439437
925;2;179.5583118;-45.00294689
926;2;-1573.644408;256.0407858
927;2;-71.77729023;-24.03533053
928;2;-1400.297063;298.8698099
929;2;-121.984256;293.8436031
930;2;-864.603872;177.5017459
931;2;-324.5338249;205.5606085
932;2;-1257.331293;210.8166
933;2;-387.5000751;-122.1277897
934;2;1780.420914;270.7294774
935;2;-1518.998341;273.6642675
936;2;-1317.900014;-38.3783585
937;2;2420.615117;701.6683264
938;2;1094.127621;137.3031914
939;2;-328.970896;33.55799928
940;2;1046.943827;142.8131589
941;2;577.1495334;177.4920369
942;2;-1235.948717;147.9664758
943;2;-1189.786186;172.1733962
944;2;922.823879;47.83059314
945;2;893.0023333;40.21138765
946;2;-693.798511;5.197700775
947;2;1002.772161;549.7897677
948;2;1405.593761;213.7306142
949;2;-1379.356392;336.4209566
950;2;364.4942105;65.0096078
951;2;-194.4595006;125.4375811
952;2;-109.2379166;560.5491545
953;2;-406.500346;-7.662275705
954;2;-1311.398701;67.72094823
955;2;183.276027;85.17085511
956;2;1557.607567;278.1481949
957;2;1929.584435;-336.1223465
958;2;371.2580934;405.8615503
959;2;-928.5317797;41.95221557
960;2;-796.2961631;-18.94569478
961;2;-821.5212163;67.87505867
962;2;532.3860494;202.2333617
963;2;-462.0945008;49.89227235
964;2;-495.417536;-99.28656004
965;2;-38.17153778;70.43204095
966;2;-432.0706828;183.112195
967;2;-848.782389;218.9975838
968;2;862.0502513;213.8901451
969;2;-746.1456735;104.0220311
970;2;-205.6737246;396.7602516
971;2;-509.2161747;358.3716826
972;2;595.5937894;100.530473
973;2;-26.78400853;316.8782445
974;2;-1023.151072;322.7893881
975;2;-1309.693774;-0.279028941
976;2;-1572.294568;425.4306036
977;2;-886.9572147;183.3000065
978;2;-1260.087595;312.688912
979;2;782.844024;96.74040093
980;2;-110.5487289;80.94447068
981;2;-596.9970035;335.1974032
982;2;-197.8471725;363.4581554
983;2;-1097.739961;-21.22579936
984;2;1.586249445;58.09254488
985;2;11.84660171;120.2131298
986;2;-287.8055348;-137.2967919
987;2;-211.5296682;70.03877691
988;2;-1209.586128;240.5509658
989;2;982.7980061;31.71747718
990;2;-1436.577314;-166.3660414
991;2;422.7903785;-118.7796993
992;2;-1362.880847;78.05467549
993;2;302.4024636;205.0468472
994;2;-1523.020029;-90.91868503
995;2;-497.0992302;238.801329
996;2;784.3624326;318.665296
997;2;852.4962964;-7.466041619
998;2;-171.1570231;295.0910463
999;2;-464.5677046;306.9483611
1000;2;100.0331691;125.2415082
